{"loss": [10.391149520874023, 9.800464630126953, 8.388830184936523, 8.468013763427734, 8.930986404418945, 5.18525505065918, 5.258362770080566, 5.915155410766602, 5.168283462524414, 4.127903938293457, 4.042081356048584, 4.722482204437256, 4.544769287109375, 4.539533615112305, 3.9342803955078125, 2.918509006500244, 7.080926895141602, 5.907680511474609, 3.7532525062561035, 2.8866004943847656, 4.051970958709717, 6.011253356933594, 3.502364158630371, 3.8620173931121826, 3.6116490364074707, 1.6405779123306274, 3.815988063812256, 3.6336233615875244, 2.9580471515655518, 4.737608909606934, 2.865070343017578, 2.0992069244384766, 3.735356330871582, 3.6060659885406494, 2.2514302730560303, 3.6781346797943115, 2.261483669281006, 2.9388623237609863, 3.083333969116211, 2.735283851623535, 4.332218647003174, 5.233127593994141, 1.953313946723938, 2.6497175693511963, 2.7718019485473633, 3.3524668216705322, 4.71865701675415, 3.627957344055176, 2.778341054916382, 3.4716954231262207, 2.37988018989563, 3.783423662185669, 3.9814350605010986, 2.0673978328704834, 5.188523292541504, 3.676926851272583, 3.612265110015869, 4.091439723968506, 5.673046112060547], "epsilon": [0.5, 0.499902, 0.499804, 0.499706, 0.499608, 0.49951, 0.499412, 0.499314, 0.499216, 0.499118, 0.49902, 0.498922, 0.498824, 0.498726, 0.498628, 0.49853, 0.498432, 0.498334, 0.498236, 0.498138, 0.49804, 0.497942, 0.497844, 0.497746, 0.497648, 0.49755, 0.497452, 0.497354, 0.497256, 0.497158, 0.49706, 0.496962, 0.496864, 0.496766, 0.496668, 0.49657, 0.496472, 0.496374, 0.496276, 0.496178, 0.49608, 0.495982, 0.495884, 0.495786, 0.495688, 0.49559, 0.495492, 0.495394, 0.495296, 0.495198, 0.4951, 0.495002, 0.494904, 0.494806, 0.494708, 0.49461, 0.494512, 0.494414, 0.494316], "avg_reward": [], "memory_size": [64, 65, 66, 67, 68, 69, 70, 71, 72, 73, 74, 75, 76, 77, 78, 79, 80, 81, 82, 83, 84, 85, 86, 87, 88, 89, 90, 91, 92, 93, 94, 95, 96, 97, 98, 99, 100, 101, 102, 103, 104, 105, 106, 107, 108, 109, 110, 111, 112, 113, 114, 115, 116, 117, 118, 119, 120, 121, 122], "win_rate": [], "avg_q_value": [17.61270523071289, 0.0, 0.0, 15.918645858764648, 25.092533111572266, 0.0, 0.0, 0.0, 17.08175277709961, 18.2197265625, 20.577592849731445, 0.0, 0.0, 0.0, 0.0, 19.135074615478516, 16.232553482055664, 0.0, 0.0, 15.943313598632812, 20.130552291870117, 0.0, 15.671747207641602, 0.0, 21.90909767150879, 0.0, 16.280242919921875, 16.540552139282227, 14.54601001739502, 0.0, 0.0, 0.0, 0.0, 0.0, 16.308320999145508, 0.0, 16.813024520874023, 17.401012420654297, 0.0, 0.0, 0.0, 16.49825668334961, 17.430715560913086, 0.0, 17.669021606445312, 22.162357330322266, 17.421710968017578, 0.0, 18.10466194152832, 17.05696678161621, 21.202632904052734, 0.0, 17.309284210205078, 12.9213285446167, 0.0, 17.977895736694336, 0.0, 0.0, 17.779911041259766, 0.0, 0.0, 17.75969886779785, 0.0, 0.0, 0.0, 0.0, 19.55332374572754, 20.799715042114258, 16.434614181518555, 16.352127075195312, 0.0, 13.375917434692383, 16.891857147216797, 11.978988647460938, 0.0, 0.0, 0.0, 0.0, 15.221738815307617, 0.0, 0.0, 0.0, 0.0, 0.0, 16.475914001464844, 0.0, 0.0, 0.0, 0.0, 15.6665620803833, 0.0, 15.827291488647461, 13.231206893920898, 0.0, 0.0, 20.227745056152344, 18.00358009338379, 0.0, 15.208292961120605, 0.0, 0.0, 0.0, 0.0, 0.0, 0.0, 18.917734146118164, 20.258544921875, 0.0, 14.918408393859863, 0.0, 20.382137298583984, 0.0, 0.0, 0.0, 15.486852645874023, 18.55538558959961, 0.0, 0.0, 0.0, 15.449050903320312, 18.16055679321289, 0.0, 0.0, 15.16350269317627, 0.0, 0.0, 19.75632667541504, 0.0, 0.0, 14.775167465209961, 0.0, 0.0, 15.350720405578613, 18.17947769165039, 0.0, 17.357969284057617, 19.813587188720703, 0.0, 14.360116958618164, 15.990255355834961, 20.408966064453125, 0.0, 18.33940887451172, 0.0, 16.332332611083984, 19.15121078491211, 20.697946548461914, 22.99325180053711, 15.380050659179688, 15.307812690734863, 20.62318229675293, 0.0, 0.0, 0.0, 13.716235160827637, 0.0, 21.56675148010254, 19.126148223876953, 13.779886245727539, 0.0, 0.0, 0.0, 17.89840316772461, 0.0, 0.0, 19.48735237121582, 0.0, 0.0, 13.12725830078125, 0.0, 18.719120025634766, 0.0, 0.0, 0.0, 20.42356300354004, 0.0, 20.391563415527344, 0.0, 0.0, 16.179811477661133, 0.0, 21.87297248840332, 17.034645080566406, 17.462844848632812, 20.172088623046875, 21.833274841308594, 0.0, 0.0, 16.398462295532227, 0.0, 23.54956817626953, 0.0, 0.0, 18.017475128173828, 18.398656845092773, 22.526473999023438, 17.18003273010254, 0.0, 14.372424125671387, 0.0, 21.230083465576172, 0.0, 0.0, 0.0, 0.0, 22.016918182373047, 0.0, 17.65553855895996, 0.0, 0.0, 0.0, 14.862592697143555, 16.632495880126953, 16.748722076416016, 16.083608627319336, 23.479248046875, 18.202495574951172, 22.38349723815918, 0.0, 16.359519958496094, 0.0, 0.0, 0.0, 0.0, 0.0, 24.98158836364746, 0.0, 15.402959823608398, 22.903610229492188, 20.46685791015625, 16.65629005432129, 0.0, 21.95087242126465, 23.103687286376953, 15.548248291015625, 15.930027961730957, 23.372453689575195, 21.722061157226562, 17.349136352539062, 17.42746353149414, 22.333131790161133, 0.0, 0.0, 0.0, 18.021465301513672, 0.0, 26.751781463623047, 24.8143253326416]}